Workbook

Sheet CARGA_MASIVA
A1: Clave Única | B1: N° ID | C1: Descripción | D1: Cantidad | E1: Expediente | F1: N° Compra | G1: Cuenta Código | H1: Nomenclatura | I1: N° Serie | J1: Origen | K1: Estado | L1: Servicios | M1: Observaciones | N1: SIEM | O1: Precio | P1: Fecha Alta | Q1: Acciones
B2: =IF(SERVICIOS!B4="","",SERVICIOS!B4) | C2: =IF(SERVICIOS!C4="","",SERVICIOS!C4) | D2: =IF(SERVICIOS!O4="","",SERVICIOS!O4) | E2: =IF(AND(SERVICIOS!J4="",SERVICIOS!K4=""),"",IF(SERVICIOS!J4<>"NO",SERVICIOS!J4,SERVICIOS!K4)) | F2: =IF(SERVICIOS!I4="","",SERVICIOS!I4) | I2: =IF(SERVICIOS!H4="","",SERVICIOS!H4) | K2: =IF(SERVICIOS!G4="","",SERVICIOS!G4) | L2: =IF(SERVICIOS!L4="","",SERVICIOS!L4) | M2: =IF(SERVICIOS!N4="","",SERVICIOS!N4) | N2: =IF(SERVICIOS!M4="","",SERVICIOS!M4) | P2: =IF(SERVICIOS!B4="","","2025")
B3: =IF(SERVICIOS!B5="","",SERVICIOS!B5) | C3: =IF(SERVICIOS!C5="","",SERVICIOS!C5) | D3: =IF(SERVICIOS!O5="","",SERVICIOS!O5) | E3: =IF(AND(SERVICIOS!J5="",SERVICIOS!K5=""),"",IF(SERVICIOS!J5<>"NO",SERVICIOS!J5,SERVICIOS!K5)) | F3: =IF(SERVICIOS!I5="","",SERVICIOS!I5) | I3: =IF(SERVICIOS!H5="","",SERVICIOS!H5) | K3: =IF(SERVICIOS!G5="","",SERVICIOS!G5) | L3: =IF(SERVICIOS!L5="","",SERVICIOS!L5) | M3: =IF(SERVICIOS!N5="","",SERVICIOS!N5) | N3: =IF(SERVICIOS!M5="","",SERVICIOS!M5) | P3: =IF(SERVICIOS!B5="","","2025")
B4: =IF(SERVICIOS!B6="","",SERVICIOS!B6) | C4: =IF(SERVICIOS!C6="","",SERVICIOS!C6) | D4: =IF(SERVICIOS!O6="","",SERVICIOS!O6) | E4: =IF(AND(SERVICIOS!J6="",SERVICIOS!K6=""),"",IF(SERVICIOS!J6<>"NO",SERVICIOS!J6,SERVICIOS!K6)) | F4: =IF(SERVICIOS!I6="","",SERVICIOS!I6) | I4: =IF(SERVICIOS!H6="","",SERVICIOS!H6) | K4: =IF(SERVICIOS!G6="","",SERVICIOS!G6) | L4: =IF(SERVICIOS!L6="","",SERVICIOS!L6) | M4: =IF(SERVICIOS!N6="","",SERVICIOS!N6) | N4: =IF(SERVICIOS!M6="","",SERVICIOS!M6) | P4: =IF(SERVICIOS!B6="","","2025")
B5: =IF(SERVICIOS!B7="","",SERVICIOS!B7) | C5: =IF(SERVICIOS!C7="","",SERVICIOS!C7) | D5: =IF(SERVICIOS!O7="","",SERVICIOS!O7) | E5: =IF(AND(SERVICIOS!J7="",SERVICIOS!K7=""),"",IF(SERVICIOS!J7<>"NO",SERVICIOS!J7,SERVICIOS!K7)) | F5: =IF(SERVICIOS!I7="","",SERVICIOS!I7) | I5: =IF(SERVICIOS!H7="","",SERVICIOS!H7) | K5: =IF(SERVICIOS!G7="","",SERVICIOS!G7) | L5: =IF(SERVICIOS!L7="","",SERVICIOS!L7) | M5: =IF(SERVICIOS!N7="","",SERVICIOS!N7) | N5: =IF(SERVICIOS!M7="","",SERVICIOS!M7) | P5: =IF(SERVICIOS!B7="","","2025")
B6: =IF(SERVICIOS!B8="","",SERVICIOS!B8) | C6: =IF(SERVICIOS!C8="","",SERVICIOS!C8) | D6: =IF(SERVICIOS!O8="","",SERVICIOS!O8) | E6: =IF(AND(SERVICIOS!J8="",SERVICIOS!K8=""),"",IF(SERVICIOS!J8<>"NO",SERVICIOS!J8,SERVICIOS!K8)) | F6: =IF(SERVICIOS!I8="","",SERVICIOS!I8) | I6: =IF(SERVICIOS!H8="","",SERVICIOS!H8) | K6: =IF(SERVICIOS!G8="","",SERVICIOS!G8) | L6: =IF(SERVICIOS!L8="","",SERVICIOS!L8) | M6: =IF(SERVICIOS!N8="","",SERVICIOS!N8) | N6: =IF(SERVICIOS!M8="","",SERVICIOS!M8) | P6: =IF(SERVICIOS!B8="","","2025")
B7: =IF(SERVICIOS!B9="","",SERVICIOS!B9) | C7: =IF(SERVICIOS!C9="","",SERVICIOS!C9) | D7: =IF(SERVICIOS!O9="","",SERVICIOS!O9) | E7: =IF(AND(SERVICIOS!J9="",SERVICIOS!K9=""),"",IF(SERVICIOS!J9<>"NO",SERVICIOS!J9,SERVICIOS!K9)) | F7: =IF(SERVICIOS!I9="","",SERVICIOS!I9) | I7: =IF(SERVICIOS!H9="","",SERVICIOS!H9) | K7: =IF(SERVICIOS!G9="","",SERVICIOS!G9) | L7: =IF(SERVICIOS!L9="","",SERVICIOS!L9) | M7: =IF(SERVICIOS!N9="","",SERVICIOS!N9) | N7: =IF(SERVICIOS!M9="","",SERVICIOS!M9) | P7: =IF(SERVICIOS!B9="","","2025")
B8: =IF(SERVICIOS!B10="","",SERVICIOS!B10) | C8: =IF(SERVICIOS!C10="","",SERVICIOS!C10) | D8: =IF(SERVICIOS!O10="","",SERVICIOS!O10) | E8: =IF(AND(SERVICIOS!J10="",SERVICIOS!K10=""),"",IF(SERVICIOS!J10<>"NO",SERVICIOS!J10,SERVICIOS!K10)) | F8: =IF(SERVICIOS!I10="","",SERVICIOS!I10) | I8: =IF(SERVICIOS!H10="","",SERVICIOS!H10) | K8: =IF(SERVICIOS!G10="","",SERVICIOS!G10) | L8: =IF(SERVICIOS!L10="","",SERVICIOS!L10) | M8: =IF(SERVICIOS!N10="","",SERVICIOS!N10) | N8: =IF(SERVICIOS!M10="","",SERVICIOS!M10) | P8: =IF(SERVICIOS!B10="","","2025")
B9: =IF(SERVICIOS!B11="","",SERVICIOS!B11) | C9: =IF(SERVICIOS!C11="","",SERVICIOS!C11) | D9: =IF(SERVICIOS!O11="","",SERVICIOS!O11) | E9: =IF(AND(SERVICIOS!J11="",SERVICIOS!K11=""),"",IF(SERVICIOS!J11<>"NO",SERVICIOS!J11,SERVICIOS!K11)) | F9: =IF(SERVICIOS!I11="","",SERVICIOS!I11) | I9: =IF(SERVICIOS!H11="","",SERVICIOS!H11) | K9: =IF(SERVICIOS!G11="","",SERVICIOS!G11) | L9: =IF(SERVICIOS!L11="","",SERVICIOS!L11) | M9: =IF(SERVICIOS!N11="","",SERVICIOS!N11) | N9: =IF(SERVICIOS!M11="","",SERVICIOS!M11) | P9: =IF(SERVICIOS!B11="","","2025")
B10: =IF(SERVICIOS!B12="","",SERVICIOS!B12) | C10: =IF(SERVICIOS!C12="","",SERVICIOS!C12) | D10: =IF(SERVICIOS!O12="","",SERVICIOS!O12) | E10: =IF(AND(SERVICIOS!J12="",SERVICIOS!K12=""),"",IF(SERVICIOS!J12<>"NO",SERVICIOS!J12,SERVICIOS!K12)) | F10: =IF(SERVICIOS!I12="","",SERVICIOS!I12) | I10: =IF(SERVICIOS!H12="","",SERVICIOS!H12) | K10: =IF(SERVICIOS!G12="","",SERVICIOS!G12) | L10: =IF(SERVICIOS!L12="","",SERVICIOS!L12) | M10: =IF(SERVICIOS!N12="","",SERVICIOS!N12) | N10: =IF(SERVICIOS!M12="","",SERVICIOS!M12) | P10: =IF(SERVICIOS!B12="","","2025")
B11: =IF(SERVICIOS!B13="","",SERVICIOS!B13) | C11: =IF(SERVICIOS!C13="","",SERVICIOS!C13) | D11: =IF(SERVICIOS!O13="","",SERVICIOS!O13) | E11: =IF(AND(SERVICIOS!J13="",SERVICIOS!K13=""),"",IF(SERVICIOS!J13<>"NO",SERVICIOS!J13,SERVICIOS!K13)) | F11: =IF(SERVICIOS!I13="","",SERVICIOS!I13) | I11: =IF(SERVICIOS!H13="","",SERVICIOS!H13) | K11: =IF(SERVICIOS!G13="","",SERVICIOS!G13) | L11: =IF(SERVICIOS!L13="","",SERVICIOS!L13) | M11: =IF(SERVICIOS!N13="","",SERVICIOS!N13) | N11: =IF(SERVICIOS!M13="","",SERVICIOS!M13) | P11: =IF(SERVICIOS!B13="","","2025")
B12: =IF(SERVICIOS!B14="","",SERVICIOS!B14) | C12: =IF(SERVICIOS!C14="","",SERVICIOS!C14) | D12: =IF(SERVICIOS!O14="","",SERVICIOS!O14) | E12: =IF(AND(SERVICIOS!J14="",SERVICIOS!K14=""),"",IF(SERVICIOS!J14<>"NO",SERVICIOS!J14,SERVICIOS!K14)) | F12: =IF(SERVICIOS!I14="","",SERVICIOS!I14) | I12: =IF(SERVICIOS!H14="","",SERVICIOS!H14) | K12: =IF(SERVICIOS!G14="","",SERVICIOS!G14) | L12: =IF(SERVICIOS!L14="","",SERVICIOS!L14) | M12: =IF(SERVICIOS!N14="","",SERVICIOS!N14) | N12: =IF(SERVICIOS!M14="","",SERVICIOS!M14) | P12: =IF(SERVICIOS!B14="","","2025")
B13: =IF(SERVICIOS!B15="","",SERVICIOS!B15) | C13: =IF(SERVICIOS!C15="","",SERVICIOS!C15) | D13: =IF(SERVICIOS!O15="","",SERVICIOS!O15) | E13: =IF(AND(SERVICIOS!J15="",SERVICIOS!K15=""),"",IF(SERVICIOS!J15<>"NO",SERVICIOS!J15,SERVICIOS!K15)) | F13: =IF(SERVICIOS!I15="","",SERVICIOS!I15) | I13: =IF(SERVICIOS!H15="","",SERVICIOS!H15) | K13: =IF(SERVICIOS!G15="","",SERVICIOS!G15) | L13: =IF(SERVICIOS!L15="","",SERVICIOS!L15) | M13: =IF(SERVICIOS!N15="","",SERVICIOS!N15) | N13: =IF(SERVICIOS!M15="","",SERVICIOS!M15) | P13: =IF(SERVICIOS!B15="","","2025")
... B168: =IF(SERVICIOS!B170="","",SERVICIOS!B170) | C168: =IF(SERVICIOS!C170="","",SERVICIOS!C170) | D168: =IF(SERVICIOS!O170="","",SERVICIOS!O170) | E168: =IF(AND(SERVICIOS!J170="",SERVICIOS!K170=""),"",IF(SERVICIOS!J170<>"NO",SERVICIOS!J170,SERVICIOS!K170)) | F168: =IF(SERVICIOS!I170="","",SERVICIOS!I170) | I168: =IF(SERVICIOS!H170="","",SERVICIOS!H170) | K168: =IF(SERVICIOS!G170="","",SERVICIOS!G170) | L168: =IF(SERVICIOS!L170="","",SERVICIOS!L170) | M168: =IF(SERVICIOS!N170="","",SERVICIOS!N170) | N168: =IF(SERVICIOS!M170="","",SERVICIOS!M170) | P168: =IF(SERVICIOS!B170="","","2025")

Sheet SERVICIOS
A1: PROVINCIA DE BUENOS AIRES FECHA 2025 DIRECCION DE ADMINISTRACION DEPARTAMENTO DE PATRIMONIALES
A2: RELEVAMIENTO PODOLOGIA
A3: ORDEN | B3: IDENTIFICACION | C3: DESCRIPCION DEL BIEN | G3: ESTADO (ACTIVO/BAJA/DEFINITIVA /BAJA POR TRASLADO | H3: N° DE SERIE | I3: ORDEN COMPRA | J3: N° DE EXPEDIENTE DE OEDEN DE COMPRA | K3: N° DE EXPEDIENTE POR DONACION | L3: UBICACIÓN | M3: SIEN | N3: OBSERVACIONES | O3: CANTIDAD
A26: 23
